Initial_Speed,Final_Speed,Speed_Change,Car_Type,Weather,Location,Observer,Date,Source
30,40,1,Sedan,,30th st,Basil,,speed_counting_cars.xlsx
32,34,1,SUV,,30th st,Basil,,speed_counting_cars.xlsx
35,35,0,Sedan,,30th st,Basil,,speed_counting_cars.xlsx
31,31,0,SUV,,30th st,Basil,,speed_counting_cars.xlsx
32,32,0,SUV,,30th st,Basil,,speed_counting_cars.xlsx
31,31,0,Truck,,30th st,Basil,,speed_counting_cars.xlsx
31,31,0,SUV,,30th st,Basil,,speed_counting_cars.xlsx
28,28,0,SUV,,30th st,Basil,,speed_counting_cars.xlsx
28,28,0,SUV,,30th st,Basil,,speed_counting_cars.xlsx
28,30,1,SUV,,30th st,Basil,,speed_counting_cars.xlsx
29,29,0,Sedan,,30th st,Basil,,speed_counting_cars.xlsx
30,30,0,SUV,,30th st,Basil,,speed_counting_cars.xlsx
31,31,0,Sedan,,30th st,Basil,,speed_counting_cars.xlsx
28,29,1,Sedan,,30th st,Basil,,speed_counting_cars.xlsx
36,35,0,Truck,,30th st,Basil,,speed_counting_cars.xlsx
31,34,1,SUV,,30th st,Basil,,speed_counting_cars.xlsx
29,29,0,Sedan,,30th st,Basil,,speed_counting_cars.xlsx
34,33,1,SUV,,30th st,Basil,,speed_counting_cars.xlsx
34,34,0,Truck,,30th st,Basil,,speed_counting_cars.xlsx
27,27,0,Sedan,,30th st,Basil,,speed_counting_cars.xlsx
30,32,1,SUV,,30th st,Basil,,speed_counting_cars.xlsx
32,32,0,Sedan,,30th st,Basil,,speed_counting_cars.xlsx
34,34,0,SUV,,30th st,Basil,,speed_counting_cars.xlsx
28,28,0,SUV,,30th st,Basil,,speed_counting_cars.xlsx
22,22,0,Truck,,30th st,Basil,,speed_counting_cars.xlsx
24,24,0,Sedan,,30th st,Basil,,speed_counting_cars.xlsx
27,27,0,Sedan,,30th st,Basil,,speed_counting_cars.xlsx
36,36,0,SUV,,30th st,Basil,,speed_counting_cars.xlsx
32,32,0,Sedan,,30th st,Basil,,speed_counting_cars.xlsx
30,31,1,SUV,,30th st,Basil,,speed_counting_cars.xlsx
30,30,0,SUV,,30th st,Basil,,speed_counting_cars.xlsx
25,27,1,SUV,,30th st,Basil,,speed_counting_cars.xlsx
30,30,0,Sedan,,30th st,Basil,,speed_counting_cars.xlsx
36,33,1,Sedan,,30th st,Basil,,speed_counting_cars.xlsx
34,35,1,Sedan,,30th st,Basil,,speed_counting_cars.xlsx
34,32,1,Sedan,,30th st,Basil,,speed_counting_cars.xlsx
35,30,1,SUV,,30th st,Basil,,speed_counting_cars.xlsx
35,38,1,Sedan,,30th st,Basil,,speed_counting_cars.xlsx
30,27,1,Sedan,,30th st,Basil,,speed_counting_cars.xlsx
29,31,1,Sedan,,30th st,Basil,,speed_counting_cars.xlsx
31,31,0,Sedan,,30th st,Basil,,speed_counting_cars.xlsx
31,33,1,Sedan,,30th st,Basil,,speed_counting_cars.xlsx
31,30,1,SUV,,30th st,Basil,,speed_counting_cars.xlsx
31,31,0,SUV,,30th st,Basil,,speed_counting_cars.xlsx
32,32,0,SUV,,30th st,Basil,,speed_counting_cars.xlsx
28,28,0,Sedan,,30th st,Basil,,speed_counting_cars.xlsx
36,35,1,SUV,,30th st,Basil,,speed_counting_cars.xlsx
33,33,0,Sedan,,30th st,Basil,,speed_counting_cars.xlsx
30,30,0,SUV,,30th st,Basil,,speed_counting_cars.xlsx
36,34,1,SUV,,30th st,Basil,,speed_counting_cars.xlsx
35,32,0,Sedan,,30th st,Basil,,speed_counting_cars.xlsx
36,34,0,Sedan,,30th st,Basil,,speed_counting_cars.xlsx
29,32,1,Sedan,,30th st,Basil,,speed_counting_cars.xlsx
30,30,0,SUV,,30th st,Basil,,speed_counting_cars.xlsx
31,32,1,Sedan,,30th st,Basil,,speed_counting_cars.xlsx
35,37,1,Sedan,,30th st,Basil,,speed_counting_cars.xlsx
32,32,0,SUV,,30th st,Basil,,speed_counting_cars.xlsx
29,30,1,SUV,,30th st,Basil,,speed_counting_cars.xlsx
33,35,1,SUV,,30th st,Basil,,speed_counting_cars.xlsx
28,28,0,Sedan,,30th st,Basil,,speed_counting_cars.xlsx
27,27,0,SUV,,30th st,Basil,,speed_counting_cars.xlsx
29,29,0,Sedan,,30th st,Basil,,speed_counting_cars.xlsx
26,26,0,SUV,,30th st,Basil,,speed_counting_cars.xlsx
26,26,0,Sedan,,30th st,Basil,,speed_counting_cars.xlsx
33,33,0,Truck,,30th st,Basil,,speed_counting_cars.xlsx
21,22,1,Sedan,,30th st,Basil,,speed_counting_cars.xlsx
32,33,1,SUV,,30th st,Basil,,speed_counting_cars.xlsx
31,31,0,Sedan,,30th st,Basil,,speed_counting_cars.xlsx
32,32,0,SUV,,30th st,Basil,,speed_counting_cars.xlsx
31,31,0,SUV,,30th st,Basil,,speed_counting_cars.xlsx
32,31,1,Sedan,,30th st,Basil,,speed_counting_cars.xlsx
35,35,0,SUV,,30th st,Basil,,speed_counting_cars.xlsx
33,31,1,Truck,,30th st,Basil,,speed_counting_cars.xlsx
31,30,1,Sedan,,30th st,Basil,,speed_counting_cars.xlsx
36,34,0,Truck,,30th st,Rohaan,,speed_counting_cars.xlsx
27,30,1,SUV,,30th st,Rohaan,,speed_counting_cars.xlsx
28,28,0,Sedan,,30th st,Rohaan,,speed_counting_cars.xlsx
29,30,1,Sedan,,30th st,Rohaan,,speed_counting_cars.xlsx
30,30,0,Sedan,,30th st,Rohaan,,speed_counting_cars.xlsx
35,32,1,Truck,,30th st,Rohaan,,speed_counting_cars.xlsx
31,31,0,SUV,,30th st,Rohaan,,speed_counting_cars.xlsx
31,31,0,SUV,,30th st,Rohaan,,speed_counting_cars.xlsx
32,32,0,Sedan,,30th st,Rohaan,,speed_counting_cars.xlsx
32,31,1,Sedan,,30th st,Rohaan,,speed_counting_cars.xlsx
28,28,0,SUV,,30th st,Rohaan,,speed_counting_cars.xlsx
29,30,1,Sedan,,30th st,Rohaan,,speed_counting_cars.xlsx
30,31,1,SUV,,30th st,Rohaan,,speed_counting_cars.xlsx
33,33,0,Truck,,30th st,Rohaan,,speed_counting_cars.xlsx
32,31,1,Sedan,,30th st,Rohaan,,speed_counting_cars.xlsx
30,31,1,Sedan,,30th st,Rohaan,,speed_counting_cars.xlsx
30,30,0,Sedan,,30th st,Rohaan,,speed_counting_cars.xlsx
29,30,1,Sedan,,30th st,Rohaan,,speed_counting_cars.xlsx
31,31,0,Sedan,,30th st,Rohaan,,speed_counting_cars.xlsx
31,31,0,SUV,,30th st,Rohaan,,speed_counting_cars.xlsx
27,28,1,SUV,,30th st,Rohaan,,speed_counting_cars.xlsx
30,31,1,Truck,,30th st,Rohaan,,speed_counting_cars.xlsx
29,30,1,Sedan,,30th st,Rohaan,,speed_counting_cars.xlsx
30,30,0,Sedan,,30th st,Rohaan,,speed_counting_cars.xlsx
29,29,0,SUV,,30th st,Rohaan,,speed_counting_cars.xlsx
34,34,0,Sedan,,30th st,Rohaan,,speed_counting_cars.xlsx
26,26,0,SUV,,30th st,Rohaan,,speed_counting_cars.xlsx
32,32,0,SUV,,30th st,Rohaan,,speed_counting_cars.xlsx
31,30,1,SUV,,30th st,Rohaan,,speed_counting_cars.xlsx
31,30,1,Sedan,,30th st,Rohaan,,speed_counting_cars.xlsx
29,28,1,Sedan,,30th st,Rohaan,,speed_counting_cars.xlsx
28,30,1,Sedan,,30th st,Rohaan,,speed_counting_cars.xlsx
29,30,1,SUV,,30th st,Rohaan,,speed_counting_cars.xlsx
27,27,0,SUV,,30th st,Rohaan,,speed_counting_cars.xlsx
36,36,0,Sedan,,30th st,Rohaan,,speed_counting_cars.xlsx
28,28,0,SUV,,30th st,Rohaan,,speed_counting_cars.xlsx
29,29,0,Sedan,,30th st,Rohaan,,speed_counting_cars.xlsx
31,31,0,Sedan,,30th st,Rohaan,,speed_counting_cars.xlsx
32,33,1,SUV,,30th st,Rohaan,,speed_counting_cars.xlsx
32,32,0,Truck,,30th st,Rohaan,,speed_counting_cars.xlsx
37,35,1,SUV,,30th st,Rohaan,,speed_counting_cars.xlsx
34,34,0,Sedan,,30th st,Rohaan,,speed_counting_cars.xlsx
28,28,0,SUV,,30th st,Rohaan,,speed_counting_cars.xlsx
29,29,0,Sedan,,30th st,Rohaan,,speed_counting_cars.xlsx
31,31,0,Sedan,,30th st,Rohaan,,speed_counting_cars.xlsx
30,30,0,Sedan,,30th st,Rohaan,,speed_counting_cars.xlsx
27,27,0,Sedan,,30th st,Rohaan,,speed_counting_cars.xlsx
29,31,1,Truck,,30th st,Rohaan,,speed_counting_cars.xlsx
33,33,0,SUV,,30th st,Rohaan,,speed_counting_cars.xlsx
31,32,1,Sedan,,30th st,Rohaan,,speed_counting_cars.xlsx
28,28,0,SUV,,30th st,Rohaan,,speed_counting_cars.xlsx
29,30,1,SUV,,30th st,Rohaan,,speed_counting_cars.xlsx
31,31,0,Sedan,,30th st,Rohaan,,speed_counting_cars.xlsx
30,30,0,Sedan,,30th st,Rohaan,,speed_counting_cars.xlsx
34,34,0,SUV,,30th st,Rohaan,,speed_counting_cars.xlsx
36,37,1,Sedan,,30th st,Rohaan,,speed_counting_cars.xlsx
30,30,0,Truck,,30th st,Rohaan,,speed_counting_cars.xlsx
31,31,0,SUV,,30th st,Rohaan,,speed_counting_cars.xlsx
27,27,0,Sedan,,30th st,Rohaan,,speed_counting_cars.xlsx
25,26,1,SUV,,30th st,Rohaan,,speed_counting_cars.xlsx
29,29,0,Sedan,,30th st,Rohaan,,speed_counting_cars.xlsx
30,31,1,SUV,,30th st,Rohaan,,speed_counting_cars.xlsx
31,31,0,Sedan,,30th st,Rohaan,,speed_counting_cars.xlsx
30,31,1,SUV,,30th st,Rohaan,,speed_counting_cars.xlsx
28,29,1,Sedan,,30th st,Rohaan,,speed_counting_cars.xlsx
29,29,0,Sedan,,30th st,Rohaan,,speed_counting_cars.xlsx
28,28,0,Sedan,,30th st,Rohaan,,speed_counting_cars.xlsx
30,31,1,SUV,,30th st,Rohaan,,speed_counting_cars.xlsx
31,31,0,Truck,,30th st,Rohaan,,speed_counting_cars.xlsx
29,29,0,SUV,,30th st,Rohaan,,speed_counting_cars.xlsx
28,29,1,Sedan,,30th st,Rohaan,,speed_counting_cars.xlsx
33,31,1,Sedan,,30th st,Rohaan,,speed_counting_cars.xlsx
30,30,0,SUV,,30th st,Rohaan,,speed_counting_cars.xlsx
29,29,0,SUV,,30th st,Rohaan,,speed_counting_cars.xlsx
27,27,0,Sedan,,30th st,Rohaan,,speed_counting_cars.xlsx
30,30,0,SUV,,30th st,Rohaan,,speed_counting_cars.xlsx
12,34,-22,Sedan,,,,,cars_count.xlsx
40,36,4,Truck,,,,,cars_count.xlsx
26,34,-8,Sedan,,,,,cars_count.xlsx
30,34,-4,Suv,,,,,cars_count.xlsx
32,31,1,Truck,,,,,cars_count.xlsx
27,30,-3,Suv,,,,,cars_count.xlsx
28,29,-1,Suv,,,,,cars_count.xlsx
28,32,-4,Suv,,,,,cars_count.xlsx
31,30,1,Truck,,,,,cars_count.xlsx
30,34,-4,Sedan,,,,,cars_count.xlsx
15,30,-15,Sedan,,,,,cars_count.xlsx
31,33,-2,Truck,,,,,cars_count.xlsx
34,34,0,Sedan,,,,,cars_count.xlsx
31,31,0,Sedan,,,,,cars_count.xlsx
12,29,-17,Sedan,,,,,cars_count.xlsx
14,33,-19,Suv,,,,,cars_count.xlsx
29,28,1,Suv,,,,,cars_count.xlsx
27,31,-4,Suv,,,,,cars_count.xlsx
26,35,-9,Suv,,,,,cars_count.xlsx
34,35,-1,Sedan,,,,,cars_count.xlsx
20,30,-10,Suv,,,,,cars_count.xlsx
11,30,-19,Truck,,,,,cars_count.xlsx
36,38,-2,Truck,,,,,cars_count.xlsx
33,33,0,Suv,,,,,cars_count.xlsx
31,37,-6,Sedan,,,,,cars_count.xlsx
14,26,-12,Truck,,,,,cars_count.xlsx
25,25,0,Suv,,,,,cars_count.xlsx
31,33,-2,Suv,,,,,cars_count.xlsx
27,28,-1,Suv,,,,,cars_count.xlsx
33,34,-1,Suv,,,,,cars_count.xlsx
36,34,2,Suv,,,,,cars_count.xlsx
20,26,-6,Sedan,,,,,cars_count.xlsx
34,36,-2,Sedan,,,,,cars_count.xlsx
19,28,-9,Truck,,,,,cars_count.xlsx
28,33,-5,Sedan,,,,,cars_count.xlsx
38,37,1,Suv,,,,,cars_count.xlsx
30,34,-4,Suv,,,,,cars_count.xlsx
20,32,-12,Suv,,,,,cars_count.xlsx
26,35,-9,Sedan,,,,,cars_count.xlsx
29,30,-1,Suv,,,,,cars_count.xlsx
28,27,1,Suv,,,,,cars_count.xlsx
27,30,-3,Sedan,,,,,cars_count.xlsx
27,27,0,Truck,,,,,cars_count.xlsx
33,34,-1,Suv,,,,,cars_count.xlsx
34,34,0,Sedan,,,,,cars_count.xlsx
34,35,-1,Truck,,,,,cars_count.xlsx
21,23,-2,Suv,,,,,cars_count.xlsx
19,31,-12,Sedan,,,,,cars_count.xlsx
41,40,1,Suv,,,,,cars_count.xlsx
21,34,-13,Sedan,,,,,cars_count.xlsx
25,28,-3,Suv,,,,,cars_count.xlsx
37,37,0,Sedan,,,,,cars_count.xlsx
31,31,0,Suv,,,,,cars_count.xlsx
27,28,-1,Suv,,,,,cars_count.xlsx
36,40,-4,Suv,,,,,cars_count.xlsx
28,38,-10,Suv,,,,,cars_count.xlsx
19,24,-5,Suv,,,,,cars_count.xlsx
25,26,-1,Suv,,,,,cars_count.xlsx
32,33,-1,Sedan,,,,,cars_count.xlsx
36,36,0,Suv,,,,,cars_count.xlsx
23,29,-6,Truck,,,,,cars_count.xlsx
19,30,-11,Truck,,,,,cars_count.xlsx
25,26,-1,Suv,,,,,cars_count.xlsx
21,25,-4,Suv,,,,,cars_count.xlsx
30,30,0,Suv,,,,,cars_count.xlsx
29,27,2,Sedan,,,,,cars_count.xlsx
25,27,-2,Truck,,,,,cars_count.xlsx
28,30,-2,Suv,,,,,cars_count.xlsx
30,31,-1,Sedan,,,,,cars_count.xlsx
35,37,-2,Suv,,,,,cars_count.xlsx
32,33,-1,Suv,,,,,cars_count.xlsx
25,27,-2,Suv,,,,,cars_count.xlsx
26,26,0,Suv,,,,,cars_count.xlsx
28,30,-2,Suv,,,,,cars_count.xlsx
27,32,-5,Suv,,,,,cars_count.xlsx
,31,,Sedan ,,,Diya,2025-04-07,Car Data Collection.csv
,32,,SUV,,,Diya,2025-04-07,Car Data Collection.csv
,30,,SUV,,,Diya,2025-04-07,Car Data Collection.csv
,30,,SUV ,,,Diya,2025-04-07,Car Data Collection.csv
,31,,Van ,,,Diya,2025-04-07,Car Data Collection.csv
,20,,Sedan ,,,Diya,2025-04-07,Car Data Collection.csv
,31,,Truck ,,,Diya,2025-04-07,Car Data Collection.csv
,29,,Sedan ,,,Diya,2025-04-07,Car Data Collection.csv
,27,,Truck ,,,Diya,2025-04-07,Car Data Collection.csv
,34,,Sedan ,,,Diya,2025-04-07,Car Data Collection.csv
,33,,Sedan ,,,Diya,2025-04-07,Car Data Collection.csv
,21,,SUV,,,Diya,2025-04-07,Car Data Collection.csv
,30,,Sedan ,,,Diya,2025-04-07,Car Data Collection.csv
,36,,Truck ,,,Diya,2025-04-07,Car Data Collection.csv
,33,,Truck ,,,Diya,2025-04-07,Car Data Collection.csv
,21,,Sedan ,,,Diya,2025-04-07,Car Data Collection.csv
,26,,Sedan ,,,Diya,2025-04-07,Car Data Collection.csv
,10,,SUV ,,,Diya,2025-04-07,Car Data Collection.csv
,30,,Truck ,,,Diya,2025-04-07,Car Data Collection.csv
,31,,Truck ,,,Diya,2025-04-07,Car Data Collection.csv
,31,,Truck ,,,Diya,2025-04-07,Car Data Collection.csv
,35,,Truck ,,,Diya,2025-04-07,Car Data Collection.csv
,21,,Truck ,,,Diya,2025-04-07,Car Data Collection.csv
,31,,SUV,,,Diya,2025-04-07,Car Data Collection.csv
,26,,SUV,,,Diya,2025-04-07,Car Data Collection.csv
,18,,SUV,,,Diya,2025-04-07,Car Data Collection.csv
,16,,SUV,,,Diya,2025-04-07,Car Data Collection.csv
,13,,SUV,,,Diya,2025-04-07,Car Data Collection.csv
,30,,Sedan ,,,Diya,2025-04-07,Car Data Collection.csv
,29,,Truck ,,,Diya,2025-04-07,Car Data Collection.csv
,29,,SUV,,,Diya,2025-04-07,Car Data Collection.csv
,29,,SUV,,,Diya,2025-04-07,Car Data Collection.csv
,37,,SUV,,,Diya,2025-04-07,Car Data Collection.csv
,26,,Sedan ,,,Diya,2025-04-07,Car Data Collection.csv
,25,,SUV ,,,Diya,2025-04-07,Car Data Collection.csv
,32,,Sedan ,,,Diya,2025-04-07,Car Data Collection.csv
,32,,SUV,,,Diya,2025-04-07,Car Data Collection.csv
,32,,SUV,,,Diya,2025-04-07,Car Data Collection.csv
,32,,Sedan ,,,Diya,2025-04-07,Car Data Collection.csv
,29,,Sedan ,,,Diya,2025-04-07,Car Data Collection.csv
,29,,SUV,,,Diya,2025-04-07,Car Data Collection.csv
,28,,Sedan ,,,Diya,2025-04-07,Car Data Collection.csv
,27,,SUV,,,Diya,2025-04-07,Car Data Collection.csv
,28,,Sedan ,,,Diya,2025-04-07,Car Data Collection.csv
,34,,SUV,,,Diya,2025-04-07,Car Data Collection.csv
,31,,Sedan ,,,Diya,2025-04-07,Car Data Collection.csv
,25,,Truck ,,,Diya,2025-04-07,Car Data Collection.csv
,36,,Sedan ,,,Diya,2025-04-07,Car Data Collection.csv
,31,,SUV,,,Diya,2025-04-07,Car Data Collection.csv
,33,,Truck ,,,Diya,2025-04-07,Car Data Collection.csv
,33,,SUV,,,Diya,2025-04-07,Car Data Collection.csv
,29,,Truck ,,,Diya,2025-04-07,Car Data Collection.csv
,31,,Sedan ,,,Diya,2025-04-07,Car Data Collection.csv
,32,,SUV,,,Diya,2025-04-07,Car Data Collection.csv
,29,,Van ,,,Diya,2025-04-07,Car Data Collection.csv
,18,,Sedan ,,,Diya,2025-04-07,Car Data Collection.csv
,33,,SUV,,,Diya,2025-04-07,Car Data Collection.csv
,33,,Truck ,,,Diya,2025-04-07,Car Data Collection.csv
,32,,SUV ,,,Diya,2025-04-07,Car Data Collection.csv
,31,,Sedan ,,,Diya,2025-04-07,Car Data Collection.csv
,32,,Sedan ,,,Diya,2025-04-07,Car Data Collection.csv
,32,,Sedan ,,,Diya,2025-04-07,Car Data Collection.csv
,32,,Sedan ,,,Diya,2025-04-07,Car Data Collection.csv
,31,,Sedan ,,,Diya,2025-04-07,Car Data Collection.csv
,31,,SUV,,,Diya,2025-04-07,Car Data Collection.csv
,33,,SUV,,,Diya,2025-04-07,Car Data Collection.csv
,33,,SUV,,,Diya,2025-04-07,Car Data Collection.csv
,32,,Sedan ,,,Diya,2025-04-07,Car Data Collection.csv
,29,,Sedan ,,,Diya,2025-04-07,Car Data Collection.csv
,28,,Sedan ,,,Diya,2025-04-07,Car Data Collection.csv
,31,,Sedan ,,,Diya,2025-04-07,Car Data Collection.csv
,31,,Sedan ,,,Diya,2025-04-07,Car Data Collection.csv
,30,,SUV,,,Diya,2025-04-07,Car Data Collection.csv
,30,,Truck ,,,Diya,2025-04-07,Car Data Collection.csv
,29,,Sedan ,,,Diya,2025-04-07,Car Data Collection.csv
,39,,SUV,,,Tommy,2025-04-09,Car Data Collection.csv
,29,,SUV,,,Tommy,2025-04-09,Car Data Collection.csv
,37,,Van,,,Tommy,2025-04-09,Car Data Collection.csv
,33,,Truck,,,Tommy,2025-04-09,Car Data Collection.csv
,33,,Sedan,,,Tommy,2025-04-09,Car Data Collection.csv
,21,,Sedan,,,Tommy,2025-04-09,Car Data Collection.csv
,33,,SUV,,,Tommy,2025-04-09,Car Data Collection.csv
,31,,Sedan,,,Tommy,2025-04-09,Car Data Collection.csv
,37,,Truck,,,Tommy,2025-04-09,Car Data Collection.csv
,29,,SUV,,,Tommy,2025-04-09,Car Data Collection.csv
,30,,Sedan,,,Tommy,2025-04-09,Car Data Collection.csv
,31,,Sedan,,,Tommy,2025-04-09,Car Data Collection.csv
,34,,Sedan,,,Tommy,2025-04-09,Car Data Collection.csv
,39,,SUV,,,Tommy,2025-04-09,Car Data Collection.csv
,32,,Truck,,,Tommy,2025-04-09,Car Data Collection.csv
,34,,SUV,,,Tommy,2025-04-09,Car Data Collection.csv
,30,,Sedan,,,Tommy,2025-04-09,Car Data Collection.csv
,30,,Sedan,,,Tommy,2025-04-09,Car Data Collection.csv
,30,,Truck,,,Tommy,2025-04-09,Car Data Collection.csv
,36,,Sedan,,,Tommy,2025-04-09,Car Data Collection.csv
,33,,SUV,,,Tommy,2025-04-09,Car Data Collection.csv
,34,,Sedan,,,Tommy,2025-04-09,Car Data Collection.csv
,24,,Sedan,,,Tommy,2025-04-09,Car Data Collection.csv
,26,,SUV,,,Tommy,2025-04-09,Car Data Collection.csv
,32,,Truck,,,Tommy,2025-04-09,Car Data Collection.csv
,35,,Truck,,,Tommy,2025-04-09,Car Data Collection.csv
,37,,Sedan,,,Tommy,2025-04-09,Car Data Collection.csv
,37,,SUV,,,Tommy,2025-04-09,Car Data Collection.csv
,31,,Truck,,,Tommy,2025-04-09,Car Data Collection.csv
,34,,Sedan,,,Tommy,2025-04-09,Car Data Collection.csv
,31,,Sedan,,,Tommy,2025-04-09,Car Data Collection.csv
,28,,Sedan,,,Tommy,2025-04-09,Car Data Collection.csv
,30,,Sedan,,,Tommy,2025-04-09,Car Data Collection.csv
,30,,SUV,,,Tommy,2025-04-09,Car Data Collection.csv
,32,,Truck,,,Tommy,2025-04-09,Car Data Collection.csv
,34,,Sedan,,,Tommy,2025-04-09,Car Data Collection.csv
,38,,Sedan,,,Tommy,2025-04-09,Car Data Collection.csv
,31,,Sedan,,,Tommy,2025-04-09,Car Data Collection.csv
,30,,Sedan,,,Tommy,2025-04-09,Car Data Collection.csv
,34,,Sedan,,,Tommy,2025-04-09,Car Data Collection.csv
,36,,SUV,,,Tommy,2025-04-09,Car Data Collection.csv
,31,,SUV,,,Tommy,2025-04-09,Car Data Collection.csv
,26,,Sedan,,,Tommy,2025-04-09,Car Data Collection.csv
,34,,Sedan,,,Tommy,2025-04-09,Car Data Collection.csv
,34,,Truck,,,Tommy,2025-04-09,Car Data Collection.csv
,32,,SUV,,,Tommy,2025-04-09,Car Data Collection.csv
,34,,Truck,,,Tommy,2025-04-09,Car Data Collection.csv
,34,,SUV,,,Tommy,2025-04-09,Car Data Collection.csv
,31,,Sedan,,,Tommy,2025-04-09,Car Data Collection.csv
,32,,Truck,,,Tommy,2025-04-09,Car Data Collection.csv
,36,,SUV,,,Tommy,2025-04-09,Car Data Collection.csv
,32,,Sedan,,,Tommy,2025-04-09,Car Data Collection.csv
,35,,Truck,,,Tommy,2025-04-09,Car Data Collection.csv
,38,,Truck,,,Tommy,2025-04-09,Car Data Collection.csv
,34,,SUV,,,Tommy,2025-04-09,Car Data Collection.csv
,36,,Sedan,,,Tommy,2025-04-09,Car Data Collection.csv
,37,,Sedan,,,Tommy,2025-04-09,Car Data Collection.csv
,36,,Truck,,,Tommy,2025-04-09,Car Data Collection.csv
,32,,SUV,,,Tommy,2025-04-09,Car Data Collection.csv
,34,,Truck,,,Tommy,2025-04-09,Car Data Collection.csv
,34,,SUV,,,Tommy,2025-04-09,Car Data Collection.csv
,34,,SUV,,,Tommy,2025-04-09,Car Data Collection.csv
,37,,Sedan,,,Tommy,2025-04-09,Car Data Collection.csv
,38,,Truck,,,Tommy,2025-04-09,Car Data Collection.csv
,39,,SUV,,,Tommy,2025-04-09,Car Data Collection.csv
,27,,SUV,,,Tommy,2025-04-09,Car Data Collection.csv
,28,,Truck,,,Tommy,2025-04-09,Car Data Collection.csv
,40,,Sedan,,,Tommy,2025-04-09,Car Data Collection.csv
,25,,Truck,,,Tommy,2025-04-09,Car Data Collection.csv
,32,,SUV,,,Tommy,2025-04-09,Car Data Collection.csv
,32,,Truck,,,Tommy,2025-04-09,Car Data Collection.csv
,36,,SUV,,,Tommy,2025-04-09,Car Data Collection.csv
,35,,Sedan,,,Tommy,2025-04-09,Car Data Collection.csv
,31,,SUV,,,Tommy,2025-04-09,Car Data Collection.csv
,43,,SUV,,,Tommy,2025-04-09,Car Data Collection.csv
,31,,Sedan,,,Philip,2025-04-14,Car Data Collection.csv
,30,,SUV,,,Philip,2025-04-14,Car Data Collection.csv
,29,,Sedan,,,Philip,2025-04-14,Car Data Collection.csv
,28,,Truck,,,Philip,2025-04-14,Car Data Collection.csv
,33,,Sedan,,,Philip,2025-04-14,Car Data Collection.csv
,30,,Truck,,,Philip,2025-04-14,Car Data Collection.csv
,31,,SUV,,,Philip,2025-04-14,Car Data Collection.csv
,32,,Coupe,,,Philip,2025-04-14,Car Data Collection.csv
,29,,Minivan,,,Philip,2025-04-14,Car Data Collection.csv
,27,,SUV,,,Philip,2025-04-14,Car Data Collection.csv
,35,,Truck,,,Philip,2025-04-14,Car Data Collection.csv
,29,,SUV,,,Philip,2025-04-14,Car Data Collection.csv
,30,,Coupe,,,Philip,2025-04-14,Car Data Collection.csv
,31,,Sedan,,,Philip,2025-04-14,Car Data Collection.csv
,32,,Sedan,,,Philip,2025-04-14,Car Data Collection.csv
,31,,SUV,,,Philip,2025-04-14,Car Data Collection.csv
,34,,Sedan,,,Philip,2025-04-14,Car Data Collection.csv
,33,,SUV,,,Philip,2025-04-14,Car Data Collection.csv
,34,,Truck,,,Philip,2025-04-14,Car Data Collection.csv
,32,,Sedan,,,Philip,2025-04-14,Car Data Collection.csv
,27,,SUV,,,Philip,2025-04-14,Car Data Collection.csv
,28,,Sedan,,,Philip,2025-04-14,Car Data Collection.csv
,33,,Truck,,,Philip,2025-04-14,Car Data Collection.csv
,32,,Sedan,,,Philip,2025-04-14,Car Data Collection.csv
,26,,SUV,,,Philip,2025-04-14,Car Data Collection.csv
,29,,SUV,,,Philip,2025-04-14,Car Data Collection.csv
,29,,SUV,,,Philip,2025-04-14,Car Data Collection.csv
,29,,Truck,,,Philip,2025-04-14,Car Data Collection.csv
,30,,Coupe,,,Philip,2025-04-14,Car Data Collection.csv
,29,,Sedan,,,Philip,2025-04-14,Car Data Collection.csv
,31,,Sedan,,,Philip,2025-04-14,Car Data Collection.csv
,31,,SUV,,,Philip,2025-04-14,Car Data Collection.csv
,30,,Truck,,,Philip,2025-04-14,Car Data Collection.csv
,35,,SUV,,,Philip,2025-04-14,Car Data Collection.csv
,34,,SUV,,,Philip,2025-04-14,Car Data Collection.csv
,38,,Coupe,,,Philip,2025-04-14,Car Data Collection.csv
,34,,SUV,,,Philip,2025-04-14,Car Data Collection.csv
,26,,SUV,,,Philip,2025-04-14,Car Data Collection.csv
,27,,SUV,,,Philip,2025-04-14,Car Data Collection.csv
,33,,SUV,,,Philip,2025-04-14,Car Data Collection.csv
,34,,Sedan,,,Philip,2025-04-14,Car Data Collection.csv
,29,,Truck,,,Philip,2025-04-14,Car Data Collection.csv
,30,,Truck,,,Philip,2025-04-14,Car Data Collection.csv
,39,,Truck,,,Philip,2025-04-14,Car Data Collection.csv
,36,,Sedan,,,Philip,2025-04-14,Car Data Collection.csv
,30,,Sedan,,,Philip,2025-04-14,Car Data Collection.csv
,33,,SUV,,,Philip,2025-04-14,Car Data Collection.csv
,26,,SUV,,,Philip,2025-04-14,Car Data Collection.csv
,18,,Truck,,,Philip,2025-04-14,Car Data Collection.csv
,29,,SUV,,,Philip,2025-04-14,Car Data Collection.csv
,31,,SUV,,,Philip,2025-04-14,Car Data Collection.csv
,33,,Sedan,,,Philip,2025-04-14,Car Data Collection.csv
,29,,SUV,,,Philip,2025-04-14,Car Data Collection.csv
,30,,SUV,,,Philip,2025-04-14,Car Data Collection.csv
,30,,SUV,,,Philip,2025-04-14,Car Data Collection.csv
,31,,Sevan,,,Philip,2025-04-14,Car Data Collection.csv
,37,,Minivan,,,Philip,2025-04-14,Car Data Collection.csv
,35,,Truck,,,Philip,2025-04-14,Car Data Collection.csv
,28,,SUV,,,Philip,2025-04-14,Car Data Collection.csv
,30,,Sedan,,,Philip,2025-04-14,Car Data Collection.csv
,30,,SUV,,,Philip,2025-04-14,Car Data Collection.csv
,31,,Truck,,,Philip,2025-04-14,Car Data Collection.csv
,31,,Minivan,,,Philip,2025-04-14,Car Data Collection.csv
,35,,Sedan,,,Philip,2025-04-14,Car Data Collection.csv
,30,,Sedan,,,Philip,2025-04-14,Car Data Collection.csv
,28,,Sedan,,,Philip,2025-04-14,Car Data Collection.csv
,32,,Truck,,,Philip,2025-04-14,Car Data Collection.csv
,32,,Sedan,,,Philip,2025-04-14,Car Data Collection.csv
,29,,Truck,,,Philip,2025-04-14,Car Data Collection.csv
,30,,SUV,,,Philip,2025-04-14,Car Data Collection.csv
,30,,SUV,,,Philip,2025-04-14,Car Data Collection.csv
,31,,SUV,,,Philip,2025-04-14,Car Data Collection.csv
,34,,Minivan,,,Philip,2025-04-14,Car Data Collection.csv
,26,,Truck,,,Philip,2025-04-14,Car Data Collection.csv
,19,,SUV,,,Philip,2025-04-14,Car Data Collection.csv
,27,,,,,Nisrine,2025-04-05,Data_Counting_Cars.csv
,29,,,,,Nisrine,2025-04-05,Data_Counting_Cars.csv
,36,,,,,Nisrine,2025-04-05,Data_Counting_Cars.csv
,32,,,,,Nisrine,2025-04-05,Data_Counting_Cars.csv
,26,,,,,Nisrine,2025-04-05,Data_Counting_Cars.csv
,24,,,,,Nisrine,2025-04-05,Data_Counting_Cars.csv
,27,,,,,Nisrine,2025-04-05,Data_Counting_Cars.csv
,37,,,,,Nisrine,2025-04-05,Data_Counting_Cars.csv
,39,,,,,Nisrine,2025-04-05,Data_Counting_Cars.csv
,33,,,,,Nisrine,2025-04-05,Data_Counting_Cars.csv
,26,,,,,Nisrine,2025-04-05,Data_Counting_Cars.csv
,31,,,,,Nisrine,2025-04-05,Data_Counting_Cars.csv
,32,,,,,Nisrine,2025-04-05,Data_Counting_Cars.csv
,37,,,,,Nisrine,2025-04-05,Data_Counting_Cars.csv
,17,,,,,Nisrine,2025-04-05,Data_Counting_Cars.csv
,23,,,,,Nisrine,2025-04-05,Data_Counting_Cars.csv
,21,,,,,Nisrine,2025-04-05,Data_Counting_Cars.csv
,35,,,,,Nisrine,2025-04-05,Data_Counting_Cars.csv
,26,,,,,Nisrine,2025-04-05,Data_Counting_Cars.csv
,30,,,,,Nisrine,2025-04-05,Data_Counting_Cars.csv
,30,,,,,Nisrine,2025-04-05,Data_Counting_Cars.csv
,35,,,,,Nisrine,2025-04-05,Data_Counting_Cars.csv
,23,,,,,Nisrine,2025-04-05,Data_Counting_Cars.csv
,33,,,,,Nisrine,2025-04-05,Data_Counting_Cars.csv
,35,,,,,Nisrine,2025-04-05,Data_Counting_Cars.csv
,32,,,,,Nisrine,2025-04-05,Data_Counting_Cars.csv
,23,,,,,Nisrine,2025-04-05,Data_Counting_Cars.csv
,27,,,,,Nisrine,2025-04-05,Data_Counting_Cars.csv
,25,,,,,Nisrine,2025-04-05,Data_Counting_Cars.csv
,27,,,,,Nisrine,2025-04-05,Data_Counting_Cars.csv
,25,,,,,Nisrine,2025-04-05,Data_Counting_Cars.csv
,34,,,,,Nisrine,2025-04-05,Data_Counting_Cars.csv
,34,,,,,Nisrine,2025-04-05,Data_Counting_Cars.csv
,34,,,,,Nisrine,2025-04-05,Data_Counting_Cars.csv
,41,,,,,Nisrine,2025-04-05,Data_Counting_Cars.csv
,31,,,,,Nisrine,2025-04-05,Data_Counting_Cars.csv
,35,,,,,Nisrine,2025-04-05,Data_Counting_Cars.csv
,22,,,,,Nisrine,2025-04-05,Data_Counting_Cars.csv
,26,,,,,Nisrine,2025-04-05,Data_Counting_Cars.csv
,23,,,,,Nisrine,2025-04-05,Data_Counting_Cars.csv
,31,,,,,Nisrine,2025-04-05,Data_Counting_Cars.csv
,33,,,,,Nisrine,2025-04-05,Data_Counting_Cars.csv
,28,,,,,Nisrine,2025-04-05,Data_Counting_Cars.csv
,34,,,,,Nisrine,2025-04-05,Data_Counting_Cars.csv
,21,,,,,Nisrine,2025-04-05,Data_Counting_Cars.csv
,29,,,,,Nisrine,2025-04-05,Data_Counting_Cars.csv
,32,,,,,Nisrine,2025-04-05,Data_Counting_Cars.csv
,26,,,,,Nisrine,2025-04-05,Data_Counting_Cars.csv
,34,,,,,Nisrine,2025-04-05,Data_Counting_Cars.csv
,32,,,,,Nisrine,2025-04-05,Data_Counting_Cars.csv
,42,,,,,Nisrine,2025-04-05,Data_Counting_Cars.csv
,24,,,,,Nisrine,2025-04-05,Data_Counting_Cars.csv
,32,,,,,Nisrine,2025-04-05,Data_Counting_Cars.csv
,21,,,,,Nisrine,2025-04-05,Data_Counting_Cars.csv
,32,,,,,Nisrine,2025-04-05,Data_Counting_Cars.csv
,38,,,,,Nisrine,2025-04-05,Data_Counting_Cars.csv
,26,,,,,Nisrine,2025-04-05,Data_Counting_Cars.csv
,21,,,,,Nisrine,2025-04-05,Data_Counting_Cars.csv
,30,,,,,Nisrine,2025-04-05,Data_Counting_Cars.csv
,33,,,,,Nisrine,2025-04-05,Data_Counting_Cars.csv
,27,,,,,Nisrine,2025-04-05,Data_Counting_Cars.csv
,31,,,,,Nisrine,2025-04-05,Data_Counting_Cars.csv
,29,,,,,Nisrine,2025-04-05,Data_Counting_Cars.csv
,28,,,,,Nisrine,2025-04-05,Data_Counting_Cars.csv
,32,,,,,Nisrine,2025-04-05,Data_Counting_Cars.csv
,26,,,,,Nisrine,2025-04-05,Data_Counting_Cars.csv
,38,,,,,Nisrine,2025-04-05,Data_Counting_Cars.csv
,27,,,,,Nisrine,2025-04-05,Data_Counting_Cars.csv
,39,,,,,Nisrine,2025-04-05,Data_Counting_Cars.csv
,31,,,,,Nisrine,2025-04-05,Data_Counting_Cars.csv
,30,,,,,Nisrine,2025-04-05,Data_Counting_Cars.csv
,29,,,,,Nisrine,2025-04-05,Data_Counting_Cars.csv
,24,,,,,Nisrine,2025-04-05,Data_Counting_Cars.csv
,29,,,,,Nisrine,2025-04-05,Data_Counting_Cars.csv
,27,,,,,Nisrine,2025-04-05,Data_Counting_Cars.csv
,28,,,,,Reda,2025-04-06,Data_Counting_Cars.csv
,29,,,,,Reda,2025-04-06,Data_Counting_Cars.csv
,40,,,,,Reda,2025-04-06,Data_Counting_Cars.csv
,25,,,,,Reda,2025-04-06,Data_Counting_Cars.csv
,34,,,,,Reda,2025-04-06,Data_Counting_Cars.csv
,37,,,,,Reda,2025-04-06,Data_Counting_Cars.csv
,26,,,,,Reda,2025-04-06,Data_Counting_Cars.csv
,28,,,,,Reda,2025-04-06,Data_Counting_Cars.csv
,33,,,,,Reda,2025-04-06,Data_Counting_Cars.csv
,31,,,,,Reda,2025-04-06,Data_Counting_Cars.csv
,25,,,,,Reda,2025-04-06,Data_Counting_Cars.csv
,25,,,,,Reda,2025-04-06,Data_Counting_Cars.csv
,34,,,,,Reda,2025-04-06,Data_Counting_Cars.csv
,30,,,,,Reda,2025-04-06,Data_Counting_Cars.csv
,22,,,,,Reda,2025-04-06,Data_Counting_Cars.csv
,31,,,,,Reda,2025-04-06,Data_Counting_Cars.csv
,32,,,,,Reda,2025-04-06,Data_Counting_Cars.csv
,38,,,,,Reda,2025-04-06,Data_Counting_Cars.csv
,41,,,,,Reda,2025-04-06,Data_Counting_Cars.csv
,28,,,,,Reda,2025-04-06,Data_Counting_Cars.csv
,30,,,,,Reda,2025-04-06,Data_Counting_Cars.csv
,32,,,,,Reda,2025-04-06,Data_Counting_Cars.csv
,34,,,,,Reda,2025-04-06,Data_Counting_Cars.csv
,21,,,,,Reda,2025-04-06,Data_Counting_Cars.csv
,24,,,,,Reda,2025-04-06,Data_Counting_Cars.csv
,33,,,,,Reda,2025-04-06,Data_Counting_Cars.csv
,28,,,,,Reda,2025-04-06,Data_Counting_Cars.csv
,28,,,,,Reda,2025-04-06,Data_Counting_Cars.csv
,39,,,,,Reda,2025-04-06,Data_Counting_Cars.csv
,25,,,,,Reda,2025-04-06,Data_Counting_Cars.csv
,36,,,,,Reda,2025-04-06,Data_Counting_Cars.csv
,28,,,,,Reda,2025-04-06,Data_Counting_Cars.csv
,29,,,,,Reda,2025-04-06,Data_Counting_Cars.csv
,27,,,,,Reda,2025-04-06,Data_Counting_Cars.csv
,24,,,,,Reda,2025-04-06,Data_Counting_Cars.csv
,31,,,,,Reda,2025-04-06,Data_Counting_Cars.csv
,33,,,,,Reda,2025-04-06,Data_Counting_Cars.csv
,36,,,,,Reda,2025-04-06,Data_Counting_Cars.csv
,27,,,,,Reda,2025-04-06,Data_Counting_Cars.csv
,31,,,,,Reda,2025-04-06,Data_Counting_Cars.csv
,29,,,,,Reda,2025-04-06,Data_Counting_Cars.csv
,31,,,,,Reda,2025-04-06,Data_Counting_Cars.csv
,31,,,,,Reda,2025-04-06,Data_Counting_Cars.csv
,30,,,,,Reda,2025-04-06,Data_Counting_Cars.csv
,32,,,,,Reda,2025-04-06,Data_Counting_Cars.csv
,25,,,,,Reda,2025-04-06,Data_Counting_Cars.csv
,31,,,,,Reda,2025-04-06,Data_Counting_Cars.csv
,29,,,,,Reda,2025-04-06,Data_Counting_Cars.csv
,33,,,,,Reda,2025-04-06,Data_Counting_Cars.csv
,29,,,,,Reda,2025-04-06,Data_Counting_Cars.csv
,33,,,,,Reda,2025-04-06,Data_Counting_Cars.csv
,30,,,,,Reda,2025-04-06,Data_Counting_Cars.csv
,34,,,,,Reda,2025-04-06,Data_Counting_Cars.csv
,29,,,,,Reda,2025-04-06,Data_Counting_Cars.csv
,30,,,,,Reda,2025-04-06,Data_Counting_Cars.csv
,25,,,,,Reda,2025-04-06,Data_Counting_Cars.csv
,21,,,,,Reda,2025-04-06,Data_Counting_Cars.csv
,24,,,,,Reda,2025-04-06,Data_Counting_Cars.csv
,27,,,,,Reda,2025-04-06,Data_Counting_Cars.csv
,38,,,,,Reda,2025-04-06,Data_Counting_Cars.csv
,26,,,,,Reda,2025-04-06,Data_Counting_Cars.csv
,36,,,,,Reda,2025-04-06,Data_Counting_Cars.csv
,23,,,,,Reda,2025-04-06,Data_Counting_Cars.csv
,31,,,,,Reda,2025-04-06,Data_Counting_Cars.csv
,23,,,,,Reda,2025-04-06,Data_Counting_Cars.csv
,28,,,,,Reda,2025-04-06,Data_Counting_Cars.csv
,31,,,,,Reda,2025-04-06,Data_Counting_Cars.csv
,34,,,,,Reda,2025-04-06,Data_Counting_Cars.csv
,25,,,,,Reda,2025-04-06,Data_Counting_Cars.csv
,30,,,,,Reda,2025-04-06,Data_Counting_Cars.csv
,28,,,,,Reda,2025-04-06,Data_Counting_Cars.csv
,20,,,,,Reda,2025-04-06,Data_Counting_Cars.csv
,31,,,,,Reda,2025-04-06,Data_Counting_Cars.csv
,25,,,,,Reda,2025-04-06,Data_Counting_Cars.csv
,25,,,,,Reda,2025-04-06,Data_Counting_Cars.csv
,32,,,,,Zain,2025-04-07,Data_Counting_Cars.csv
,32,,,,,Zain,2025-04-07,Data_Counting_Cars.csv
,37,,,,,Zain,2025-04-07,Data_Counting_Cars.csv
,35,,,,,Zain,2025-04-07,Data_Counting_Cars.csv
,24,,,,,Zain,2025-04-07,Data_Counting_Cars.csv
,31,,,,,Zain,2025-04-07,Data_Counting_Cars.csv
,31,,,,,Zain,2025-04-07,Data_Counting_Cars.csv
,25,,,,,Zain,2025-04-07,Data_Counting_Cars.csv
,28,,,,,Zain,2025-04-07,Data_Counting_Cars.csv
,32,,,,,Zain,2025-04-07,Data_Counting_Cars.csv
,31,,,,,Zain,2025-04-07,Data_Counting_Cars.csv
,32,,,,,Zain,2025-04-07,Data_Counting_Cars.csv
,28,,,,,Zain,2025-04-07,Data_Counting_Cars.csv
,33,,,,,Zain,2025-04-07,Data_Counting_Cars.csv
,26,,,,,Zain,2025-04-07,Data_Counting_Cars.csv
,29,,,,,Zain,2025-04-07,Data_Counting_Cars.csv
,22,,,,,Zain,2025-04-07,Data_Counting_Cars.csv
,27,,,,,Zain,2025-04-07,Data_Counting_Cars.csv
,27,,,,,Zain,2025-04-07,Data_Counting_Cars.csv
,34,,,,,Zain,2025-04-07,Data_Counting_Cars.csv
,20,,,,,Zain,2025-04-07,Data_Counting_Cars.csv
,28,,,,,Zain,2025-04-07,Data_Counting_Cars.csv
,25,,,,,Zain,2025-04-07,Data_Counting_Cars.csv
,33,,,,,Zain,2025-04-07,Data_Counting_Cars.csv
,14,,,,,Zain,2025-04-07,Data_Counting_Cars.csv
,26,,,,,Zain,2025-04-07,Data_Counting_Cars.csv
,31,,,,,Zain,2025-04-07,Data_Counting_Cars.csv
,22,,,,,Zain,2025-04-07,Data_Counting_Cars.csv
,32,,,,,Zain,2025-04-07,Data_Counting_Cars.csv
,30,,,,,Zain,2025-04-07,Data_Counting_Cars.csv
,37,,,,,Zain,2025-04-07,Data_Counting_Cars.csv
,32,,,,,Zain,2025-04-07,Data_Counting_Cars.csv
,28,,,,,Zain,2025-04-07,Data_Counting_Cars.csv
,30,,,,,Zain,2025-04-07,Data_Counting_Cars.csv
,32,,,,,Zain,2025-04-07,Data_Counting_Cars.csv
,35,,,,,Zain,2025-04-07,Data_Counting_Cars.csv
,15,,,,,Zain,2025-04-07,Data_Counting_Cars.csv
,35,,,,,Zain,2025-04-07,Data_Counting_Cars.csv
,30,,,,,Zain,2025-04-07,Data_Counting_Cars.csv
,30,,,,,Zain,2025-04-07,Data_Counting_Cars.csv
,30,,,,,Zain,2025-04-07,Data_Counting_Cars.csv
,27,,,,,Zain,2025-04-07,Data_Counting_Cars.csv
,26,,,,,Zain,2025-04-07,Data_Counting_Cars.csv
,28,,,,,Zain,2025-04-07,Data_Counting_Cars.csv
,30,,,,,Zain,2025-04-07,Data_Counting_Cars.csv
,26,,,,,Zain,2025-04-07,Data_Counting_Cars.csv
,33,,,,,Zain,2025-04-07,Data_Counting_Cars.csv
,22,,,,,Zain,2025-04-07,Data_Counting_Cars.csv
,30,,,,,Zain,2025-04-07,Data_Counting_Cars.csv
,37,,,,,Zain,2025-04-07,Data_Counting_Cars.csv
,27,,,,,Zain,2025-04-07,Data_Counting_Cars.csv
,29,,,,,Zain,2025-04-07,Data_Counting_Cars.csv
,30,,,,,Zain,2025-04-07,Data_Counting_Cars.csv
,30,,,,,Zain,2025-04-07,Data_Counting_Cars.csv
,37,,,,,Zain,2025-04-07,Data_Counting_Cars.csv
,20,,,,,Zain,2025-04-07,Data_Counting_Cars.csv
,31,,,,,Zain,2025-04-07,Data_Counting_Cars.csv
,25,,,,,Zain,2025-04-07,Data_Counting_Cars.csv
,35,,,,,Zain,2025-04-07,Data_Counting_Cars.csv
,38,,,,,Zain,2025-04-07,Data_Counting_Cars.csv
,32,,,,,Zain,2025-04-07,Data_Counting_Cars.csv
,24,,,,,Zain,2025-04-07,Data_Counting_Cars.csv
,30,,,,,Zain,2025-04-07,Data_Counting_Cars.csv
,22,,,,,Zain,2025-04-07,Data_Counting_Cars.csv
,40,,,,,Zain,2025-04-07,Data_Counting_Cars.csv
,27,,,,,Zain,2025-04-07,Data_Counting_Cars.csv
,27,,,,,Zain,2025-04-07,Data_Counting_Cars.csv
,30,,,,,Zain,2025-04-07,Data_Counting_Cars.csv
,30,,,,,Zain,2025-04-07,Data_Counting_Cars.csv
,32,,,,,Zain,2025-04-07,Data_Counting_Cars.csv
,26,,,,,Zain,2025-04-07,Data_Counting_Cars.csv
,26,,,,,Zain,2025-04-07,Data_Counting_Cars.csv
,29,,,,,Zain,2025-04-07,Data_Counting_Cars.csv
,24,,,,,Zain,2025-04-07,Data_Counting_Cars.csv
,26,,,,,Zain,2025-04-07,Data_Counting_Cars.csv
33,33,0,4,RAINY,Thorson-Lucken Field,Tanner Buol,2025-04-02,Counting_Cars.csv
33,33,0,3,RAINY,Thorson-Lucken Field,Tanner Buol,2025-04-02,Counting_Cars.csv
31,31,0,4,RAINY,Thorson-Lucken Field,Tanner Buol,2025-04-02,Counting_Cars.csv
30,30,0,4,RAINY,Thorson-Lucken Field,Tanner Buol,2025-04-02,Counting_Cars.csv
29,29,0,4,RAINY,Thorson-Lucken Field,Tanner Buol,2025-04-02,Counting_Cars.csv
31,32,-1,3,RAINY,Thorson-Lucken Field,Tanner Buol,2025-04-02,Counting_Cars.csv
31,32,-1,4,RAINY,Thorson-Lucken Field,Tanner Buol,2025-04-02,Counting_Cars.csv
27,29,-2,4,RAINY,Thorson-Lucken Field,Tanner Buol,2025-04-02,Counting_Cars.csv
27,29,-2,4,RAINY,Thorson-Lucken Field,Tanner Buol,2025-04-02,Counting_Cars.csv
27,29,-2,4,RAINY,Thorson-Lucken Field,Tanner Buol,2025-04-02,Counting_Cars.csv
27,29,-2,4,RAINY,Thorson-Lucken Field,Tanner Buol,2025-04-02,Counting_Cars.csv
27,29,-2,3,RAINY,Thorson-Lucken Field,Tanner Buol,2025-04-02,Counting_Cars.csv
35,35,0,9,RAINY,Thorson-Lucken Field,Tanner Buol,2025-04-02,Counting_Cars.csv
31,31,0,5,RAINY,Thorson-Lucken Field,Tanner Buol,2025-04-02,Counting_Cars.csv
35,35,0,10,RAINY,Thorson-Lucken Field,Tanner Buol,2025-04-02,Counting_Cars.csv
30,30,0,9,RAINY,Thorson-Lucken Field,Tanner Buol,2025-04-02,Counting_Cars.csv
28,28,0,3,RAINY,Thorson-Lucken Field,Tanner Buol,2025-04-02,Counting_Cars.csv
34,34,0,9,RAINY,Thorson-Lucken Field,Tanner Buol,2025-04-02,Counting_Cars.csv
35,36,-1,3,RAINY,Thorson-Lucken Field,Tanner Buol,2025-04-02,Counting_Cars.csv
30,32,-2,3,RAINY,Thorson-Lucken Field,Tanner Buol,2025-04-02,Counting_Cars.csv
36,37,-1,4,RAINY,Thorson-Lucken Field,Tanner Buol,2025-04-02,Counting_Cars.csv
32,33,-1,4,RAINY,Thorson-Lucken Field,Tanner Buol,2025-04-02,Counting_Cars.csv
31,32,-1,4,RAINY,Thorson-Lucken Field,Tanner Buol,2025-04-02,Counting_Cars.csv
34,37,-3,9,RAINY,Thorson-Lucken Field,Tanner Buol,2025-04-02,Counting_Cars.csv
28,29,-1,4,RAINY,Thorson-Lucken Field,Tanner Buol,2025-04-02,Counting_Cars.csv
30,30,0,3,RAINY,Thorson-Lucken Field,Tanner Buol,2025-04-02,Counting_Cars.csv
30,30,0,3,RAINY,Thorson-Lucken Field,Tanner Buol,2025-04-02,Counting_Cars.csv
38,37,1,3,RAINY,Thorson-Lucken Field,Tanner Buol,2025-04-02,Counting_Cars.csv
30,30,0,4,RAINY,Thorson-Lucken Field,Tanner Buol,2025-04-02,Counting_Cars.csv
30,32,-2,4,RAINY,Thorson-Lucken Field,Tanner Buol,2025-04-02,Counting_Cars.csv
30,30,0,10,RAINY,Thorson-Lucken Field,Tanner Buol,2025-04-02,Counting_Cars.csv
29,29,0,4,RAINY,Thorson-Lucken Field,Tanner Buol,2025-04-02,Counting_Cars.csv
30,32,-2,4,RAINY,Thorson-Lucken Field,Tanner Buol,2025-04-02,Counting_Cars.csv
37,37,0,4,RAINY,Thorson-Lucken Field,Tanner Buol,2025-04-02,Counting_Cars.csv
30,30,0,3,RAINY,Thorson-Lucken Field,Tanner Buol,2025-04-02,Counting_Cars.csv
29,29,0,3,RAINY,Thorson-Lucken Field,Tanner Buol,2025-04-02,Counting_Cars.csv
30,30,0,6,RAINY,Thorson-Lucken Field,Tanner Buol,2025-04-02,Counting_Cars.csv
29,30,-1,3,RAINY,Thorson-Lucken Field,Tanner Buol,2025-04-02,Counting_Cars.csv
33,34,-1,3,RAINY,Thorson-Lucken Field,Tanner Buol,2025-04-02,Counting_Cars.csv
34,34,0,3,RAINY,Thorson-Lucken Field,Tanner Buol,2025-04-02,Counting_Cars.csv
37,37,0,3,RAINY,Thorson-Lucken Field,Tanner Buol,2025-04-02,Counting_Cars.csv
33,33,0,3,RAINY,Thorson-Lucken Field,Tanner Buol,2025-04-02,Counting_Cars.csv
27,28,-1,3,RAINY,Thorson-Lucken Field,Tanner Buol,2025-04-02,Counting_Cars.csv
28,28,0,8,RAINY,Thorson-Lucken Field,Tanner Buol,2025-04-02,Counting_Cars.csv
33,33,0,3,RAINY,Thorson-Lucken Field,Tanner Buol,2025-04-02,Counting_Cars.csv
33,34,-1,3,RAINY,Thorson-Lucken Field,Tanner Buol,2025-04-02,Counting_Cars.csv
33,32,1,3,RAINY,Thorson-Lucken Field,Tanner Buol,2025-04-02,Counting_Cars.csv
30,30,0,3,RAINY,Thorson-Lucken Field,Tanner Buol,2025-04-02,Counting_Cars.csv
33,34,-1,4,RAINY,Thorson-Lucken Field,Tanner Buol,2025-04-02,Counting_Cars.csv
34,33,1,4,RAINY,Thorson-Lucken Field,Tanner Buol,2025-04-02,Counting_Cars.csv
27,27,0,4,RAINY,Thorson-Lucken Field,Tanner Buol,2025-04-02,Counting_Cars.csv
29,30,-1,6,RAINY,Thorson-Lucken Field,Tanner Buol,2025-04-02,Counting_Cars.csv
34,34,0,3,RAINY,Thorson-Lucken Field,Tanner Buol,2025-04-02,Counting_Cars.csv
35,35,0,4,RAINY,Thorson-Lucken Field,Tanner Buol,2025-04-02,Counting_Cars.csv
35,35,0,4,RAINY,Thorson-Lucken Field,Tanner Buol,2025-04-02,Counting_Cars.csv
35,35,0,3,RAINY,Thorson-Lucken Field,Tanner Buol,2025-04-02,Counting_Cars.csv
33,32,1,3,RAINY,Thorson-Lucken Field,Tanner Buol,2025-04-02,Counting_Cars.csv
37,37,0,3,RAINY,Thorson-Lucken Field,Tanner Buol,2025-04-02,Counting_Cars.csv
35,35,0,3,RAINY,Thorson-Lucken Field,Tanner Buol,2025-04-02,Counting_Cars.csv
37,37,0,6,RAINY,Thorson-Lucken Field,Tanner Buol,2025-04-02,Counting_Cars.csv
35,41,-6,4,RAINY,Thorson-Lucken Field,Tanner Buol,2025-04-02,Counting_Cars.csv
27,28,-1,3,RAINY,Thorson-Lucken Field,Tanner Buol,2025-04-02,Counting_Cars.csv
29,29,0,4,RAINY,Thorson-Lucken Field,Tanner Buol,2025-04-02,Counting_Cars.csv
30,31,-1,3,RAINY,Thorson-Lucken Field,Tanner Buol,2025-04-02,Counting_Cars.csv
30,30,0,3,RAINY,Thorson-Lucken Field,Tanner Buol,2025-04-02,Counting_Cars.csv
30,30,0,4,RAINY,Thorson-Lucken Field,Tanner Buol,2025-04-02,Counting_Cars.csv
33,33,0,4,RAINY,Thorson-Lucken Field,Tanner Buol,2025-04-02,Counting_Cars.csv
40,40,0,4,RAINY,Thorson-Lucken Field,Tanner Buol,2025-04-02,Counting_Cars.csv
32,32,0,6,RAINY,Thorson-Lucken Field,Tanner Buol,2025-04-02,Counting_Cars.csv
25,25,0,4,RAINY,Thorson-Lucken Field,Tanner Buol,2025-04-02,Counting_Cars.csv
24,28,-4,4,RAINY,Thorson-Lucken Field,Tanner Buol,2025-04-02,Counting_Cars.csv
34,34,0,10,RAINY,Thorson-Lucken Field,Tanner Buol,2025-04-02,Counting_Cars.csv
29,31,-2,3,RAINY,Thorson-Lucken Field,Tanner Buol,2025-04-02,Counting_Cars.csv
31,32,-1,4,RAINY,Thorson-Lucken Field,Tanner Buol,2025-04-02,Counting_Cars.csv
32,32,0,3,RAINY,Thorson-Lucken Field,Tanner Buol,2025-04-02,Counting_Cars.csv
26,26,0,3,SUNNY,Thorson-Lucken Field,Sasha Botsul,2025-04-07,Counting_Cars.csv
35,34,1,3,SUNNY,Thorson-Lucken Field,Sasha Botsul,2025-04-07,Counting_Cars.csv
34,34,0,3,SUNNY,Thorson-Lucken Field,Sasha Botsul,2025-04-07,Counting_Cars.csv
34,34,0,3,SUNNY,Thorson-Lucken Field,Sasha Botsul,2025-04-07,Counting_Cars.csv
34,31,3,3,SUNNY,Thorson-Lucken Field,Sasha Botsul,2025-04-07,Counting_Cars.csv
27,28,-1,3,SUNNY,Thorson-Lucken Field,Sasha Botsul,2025-04-07,Counting_Cars.csv
13,14,-1,10,SUNNY,Thorson-Lucken Field,Sasha Botsul,2025-04-07,Counting_Cars.csv
18,15,3,10,SUNNY,Thorson-Lucken Field,Sasha Botsul,2025-04-07,Counting_Cars.csv
24,25,-1,4,SUNNY,Thorson-Lucken Field,Sasha Botsul,2025-04-07,Counting_Cars.csv
34,34,0,3,SUNNY,Thorson-Lucken Field,Sasha Botsul,2025-04-07,Counting_Cars.csv
31,31,0,3,SUNNY,Thorson-Lucken Field,Sasha Botsul,2025-04-07,Counting_Cars.csv
27,27,0,4,SUNNY,Thorson-Lucken Field,Sasha Botsul,2025-04-07,Counting_Cars.csv
37,23,14,4,SUNNY,Thorson-Lucken Field,Sasha Botsul,2025-04-07,Counting_Cars.csv
33,31,2,3,SUNNY,Thorson-Lucken Field,Sasha Botsul,2025-04-07,Counting_Cars.csv
31,32,-1,3,SUNNY,Thorson-Lucken Field,Sasha Botsul,2025-04-07,Counting_Cars.csv
32,21,11,5,SUNNY,Thorson-Lucken Field,Sasha Botsul,2025-04-07,Counting_Cars.csv
39,39,0,3,SUNNY,Thorson-Lucken Field,Sasha Botsul,2025-04-07,Counting_Cars.csv
35,36,-1,3,SUNNY,Thorson-Lucken Field,Sasha Botsul,2025-04-07,Counting_Cars.csv
28,27,1,3,SUNNY,Thorson-Lucken Field,Sasha Botsul,2025-04-07,Counting_Cars.csv
35,34,1,3,SUNNY,Thorson-Lucken Field,Sasha Botsul,2025-04-07,Counting_Cars.csv
39,38,1,4,SUNNY,Thorson-Lucken Field,Sasha Botsul,2025-04-07,Counting_Cars.csv
33,34,-1,2,SUNNY,Thorson-Lucken Field,Sasha Botsul,2025-04-07,Counting_Cars.csv
29,29,0,8,SUNNY,Thorson-Lucken Field,Sasha Botsul,2025-04-07,Counting_Cars.csv
29,28,1,3,SUNNY,Thorson-Lucken Field,Sasha Botsul,2025-04-07,Counting_Cars.csv
30,31,-1,4,SUNNY,Thorson-Lucken Field,Sasha Botsul,2025-04-07,Counting_Cars.csv
29,28,1,4,SUNNY,Thorson-Lucken Field,Sasha Botsul,2025-04-07,Counting_Cars.csv
36,35,1,10,SUNNY,Thorson-Lucken Field,Sasha Botsul,2025-04-07,Counting_Cars.csv
35,35,0,3,SUNNY,Thorson-Lucken Field,Sasha Botsul,2025-04-07,Counting_Cars.csv
36,35,1,3,SUNNY,Thorson-Lucken Field,Sasha Botsul,2025-04-07,Counting_Cars.csv
35,32,3,2,SUNNY,Thorson-Lucken Field,Sasha Botsul,2025-04-07,Counting_Cars.csv
36,36,0,3,SUNNY,Thorson-Lucken Field,Sasha Botsul,2025-04-07,Counting_Cars.csv
33,32,1,6,SUNNY,Thorson-Lucken Field,Sasha Botsul,2025-04-07,Counting_Cars.csv
35,33,2,3,SUNNY,Thorson-Lucken Field,Sasha Botsul,2025-04-07,Counting_Cars.csv
35,36,-1,10,SUNNY,Thorson-Lucken Field,Sasha Botsul,2025-04-07,Counting_Cars.csv
34,34,0,4,SUNNY,Thorson-Lucken Field,Sasha Botsul,2025-04-07,Counting_Cars.csv
32,32,0,6,SUNNY,Thorson-Lucken Field,Sasha Botsul,2025-04-07,Counting_Cars.csv
32,31,1,10,SUNNY,Thorson-Lucken Field,Sasha Botsul,2025-04-07,Counting_Cars.csv
26,28,-2,4,SUNNY,Thorson-Lucken Field,Sasha Botsul,2025-04-07,Counting_Cars.csv
32,33,-1,4,SUNNY,Thorson-Lucken Field,Sasha Botsul,2025-04-07,Counting_Cars.csv
30,31,-1,4,SUNNY,Thorson-Lucken Field,Sasha Botsul,2025-04-07,Counting_Cars.csv
34,34,0,4,SUNNY,Thorson-Lucken Field,Sasha Botsul,2025-04-07,Counting_Cars.csv
36,30,6,3,SUNNY,Thorson-Lucken Field,Sasha Botsul,2025-04-07,Counting_Cars.csv
29,29,0,10,SUNNY,Thorson-Lucken Field,Sasha Botsul,2025-04-07,Counting_Cars.csv
30,30,0,10,SUNNY,Thorson-Lucken Field,Sasha Botsul,2025-04-07,Counting_Cars.csv
33,33,0,3,SUNNY,Thorson-Lucken Field,Sasha Botsul,2025-04-07,Counting_Cars.csv
30,29,1,4,SUNNY,Thorson-Lucken Field,Sasha Botsul,2025-04-07,Counting_Cars.csv
33,27,6,4,SUNNY,Thorson-Lucken Field,Sasha Botsul,2025-04-07,Counting_Cars.csv
30,30,0,4,SUNNY,Thorson-Lucken Field,Sasha Botsul,2025-04-07,Counting_Cars.csv
29,28,1,2,SUNNY,Thorson-Lucken Field,Sasha Botsul,2025-04-07,Counting_Cars.csv
28,27,1,3,SUNNY,Thorson-Lucken Field,Sasha Botsul,2025-04-07,Counting_Cars.csv
33,33,0,3,SUNNY,Thorson-Lucken Field,Sasha Botsul,2025-04-07,Counting_Cars.csv
37,38,-1,2,SUNNY,Thorson-Lucken Field,Sasha Botsul,2025-04-07,Counting_Cars.csv
35,36,-1,3,SUNNY,Thorson-Lucken Field,Sasha Botsul,2025-04-07,Counting_Cars.csv
38,37,1,10,SUNNY,Thorson-Lucken Field,Sasha Botsul,2025-04-07,Counting_Cars.csv
41,36,5,10,SUNNY,Thorson-Lucken Field,Sasha Botsul,2025-04-07,Counting_Cars.csv
34,29,5,4,SUNNY,Thorson-Lucken Field,Sasha Botsul,2025-04-07,Counting_Cars.csv
30,30,0,4,SUNNY,Thorson-Lucken Field,Sasha Botsul,2025-04-07,Counting_Cars.csv
30,30,0,5,SUNNY,Thorson-Lucken Field,Sasha Botsul,2025-04-07,Counting_Cars.csv
39,39,0,4,SUNNY,Thorson-Lucken Field,Sasha Botsul,2025-04-07,Counting_Cars.csv
28,28,0,5,SUNNY,Thorson-Lucken Field,Sasha Botsul,2025-04-07,Counting_Cars.csv
37,34,3,4,SUNNY,Thorson-Lucken Field,Sasha Botsul,2025-04-07,Counting_Cars.csv
30,30,0,3,SUNNY,Thorson-Lucken Field,Sasha Botsul,2025-04-07,Counting_Cars.csv
30,31,-1,3,SUNNY,Thorson-Lucken Field,Sasha Botsul,2025-04-07,Counting_Cars.csv
37,38,-1,3,SUNNY,Thorson-Lucken Field,Sasha Botsul,2025-04-07,Counting_Cars.csv
36,28,8,3,SUNNY,Thorson-Lucken Field,Sasha Botsul,2025-04-07,Counting_Cars.csv
33,32,1,3,SUNNY,Thorson-Lucken Field,Sasha Botsul,2025-04-07,Counting_Cars.csv
35,32,3,10,SUNNY,Thorson-Lucken Field,Sasha Botsul,2025-04-07,Counting_Cars.csv
32,32,0,3,SUNNY,Thorson-Lucken Field,Sasha Botsul,2025-04-07,Counting_Cars.csv
29,30,-1,4,SUNNY,Thorson-Lucken Field,Sasha Botsul,2025-04-07,Counting_Cars.csv
30,31,-1,4,SUNNY,Thorson-Lucken Field,Sasha Botsul,2025-04-07,Counting_Cars.csv
36,34,2,4,SUNNY,Thorson-Lucken Field,Sasha Botsul,2025-04-07,Counting_Cars.csv
32,32,0,4,SUNNY,Thorson-Lucken Field,Sasha Botsul,2025-04-07,Counting_Cars.csv
32,32,0,10,SUNNY,Thorson-Lucken Field,Sasha Botsul,2025-04-07,Counting_Cars.csv
33,34,-1,4,SUNNY,Thorson-Lucken Field,Sasha Botsul,2025-04-07,Counting_Cars.csv
40,39,1,4,SUNNY,Thorson-Lucken Field,Sasha Botsul,2025-04-07,Counting_Cars.csv
30,31,-1,9,SUNNY,Thorson-Lucken Field,Logan Farley,2025-04-10,Counting_Cars.csv
31,31,0,4,SUNNY,Thorson-Lucken Field,Logan Farley,2025-04-10,Counting_Cars.csv
31,33,-2,3,SUNNY,Thorson-Lucken Field,Logan Farley,2025-04-10,Counting_Cars.csv
33,35,-2,9,SUNNY,Thorson-Lucken Field,Logan Farley,2025-04-10,Counting_Cars.csv
27,28,-1,10,SUNNY,Thorson-Lucken Field,Logan Farley,2025-04-10,Counting_Cars.csv
24,26,-2,3,SUNNY,Thorson-Lucken Field,Logan Farley,2025-04-10,Counting_Cars.csv
26,26,0,4,SUNNY,Thorson-Lucken Field,Logan Farley,2025-04-10,Counting_Cars.csv
26,23,3,4,SUNNY,Thorson-Lucken Field,Logan Farley,2025-04-10,Counting_Cars.csv
26,27,-1,3,SUNNY,Thorson-Lucken Field,Logan Farley,2025-04-10,Counting_Cars.csv
28,29,-1,3,SUNNY,Thorson-Lucken Field,Logan Farley,2025-04-10,Counting_Cars.csv
29,30,-1,4,SUNNY,Thorson-Lucken Field,Logan Farley,2025-04-10,Counting_Cars.csv
29,32,-3,4,SUNNY,Thorson-Lucken Field,Logan Farley,2025-04-10,Counting_Cars.csv
28,30,-2,4,SUNNY,Thorson-Lucken Field,Logan Farley,2025-04-10,Counting_Cars.csv
25,27,-2,3,SUNNY,Thorson-Lucken Field,Logan Farley,2025-04-10,Counting_Cars.csv
30,31,-1,3,SUNNY,Thorson-Lucken Field,Logan Farley,2025-04-10,Counting_Cars.csv
31,33,-2,10,SUNNY,Thorson-Lucken Field,Logan Farley,2025-04-10,Counting_Cars.csv
33,33,0,3,SUNNY,Thorson-Lucken Field,Logan Farley,2025-04-10,Counting_Cars.csv
37,35,2,8,SUNNY,Thorson-Lucken Field,Logan Farley,2025-04-10,Counting_Cars.csv
28,30,-2,1,SUNNY,Thorson-Lucken Field,Logan Farley,2025-04-10,Counting_Cars.csv
30,33,-3,1,SUNNY,Thorson-Lucken Field,Logan Farley,2025-04-10,Counting_Cars.csv
37,37,0,10,SUNNY,Thorson-Lucken Field,Logan Farley,2025-04-10,Counting_Cars.csv
36,36,0,4,SUNNY,Thorson-Lucken Field,Logan Farley,2025-04-10,Counting_Cars.csv
28,30,-2,2,SUNNY,Thorson-Lucken Field,Logan Farley,2025-04-10,Counting_Cars.csv
35,35,0,4,SUNNY,Thorson-Lucken Field,Logan Farley,2025-04-10,Counting_Cars.csv
29,29,0,3,SUNNY,Thorson-Lucken Field,Logan Farley,2025-04-10,Counting_Cars.csv
37,37,0,4,SUNNY,Thorson-Lucken Field,Logan Farley,2025-04-10,Counting_Cars.csv
31,32,-1,4,SUNNY,Thorson-Lucken Field,Logan Farley,2025-04-10,Counting_Cars.csv
27,27,0,6,SUNNY,Thorson-Lucken Field,Logan Farley,2025-04-10,Counting_Cars.csv
31,33,-2,4,SUNNY,Thorson-Lucken Field,Logan Farley,2025-04-10,Counting_Cars.csv
32,33,-1,3,SUNNY,Thorson-Lucken Field,Logan Farley,2025-04-10,Counting_Cars.csv
29,31,-2,4,SUNNY,Thorson-Lucken Field,Logan Farley,2025-04-10,Counting_Cars.csv
25,19,6,3,SUNNY,Thorson-Lucken Field,Logan Farley,2025-04-10,Counting_Cars.csv
25,23,2,4,SUNNY,Thorson-Lucken Field,Logan Farley,2025-04-10,Counting_Cars.csv
28,31,-3,4,SUNNY,Thorson-Lucken Field,Logan Farley,2025-04-10,Counting_Cars.csv
35,25,10,10,SUNNY,Thorson-Lucken Field,Logan Farley,2025-04-10,Counting_Cars.csv
20,25,-5,4,SUNNY,Thorson-Lucken Field,Logan Farley,2025-04-10,Counting_Cars.csv
28,28,0,4,SUNNY,Thorson-Lucken Field,Logan Farley,2025-04-10,Counting_Cars.csv
28,28,0,3,SUNNY,Thorson-Lucken Field,Logan Farley,2025-04-10,Counting_Cars.csv
31,31,0,4,SUNNY,Thorson-Lucken Field,Logan Farley,2025-04-10,Counting_Cars.csv
31,32,-1,3,SUNNY,Thorson-Lucken Field,Logan Farley,2025-04-10,Counting_Cars.csv
27,26,1,5,SUNNY,Thorson-Lucken Field,Logan Farley,2025-04-10,Counting_Cars.csv
29,31,-2,4,SUNNY,Thorson-Lucken Field,Logan Farley,2025-04-10,Counting_Cars.csv
29,28,1,4,SUNNY,Thorson-Lucken Field,Logan Farley,2025-04-10,Counting_Cars.csv
28,29,-1,4,SUNNY,Thorson-Lucken Field,Logan Farley,2025-04-10,Counting_Cars.csv
28,26,2,2,SUNNY,Thorson-Lucken Field,Logan Farley,2025-04-10,Counting_Cars.csv
26,26,0,3,SUNNY,Thorson-Lucken Field,Logan Farley,2025-04-10,Counting_Cars.csv
29,29,0,4,SUNNY,Thorson-Lucken Field,Logan Farley,2025-04-10,Counting_Cars.csv
29,34,-5,4,SUNNY,Thorson-Lucken Field,Logan Farley,2025-04-10,Counting_Cars.csv
22,24,-2,2,SUNNY,Thorson-Lucken Field,Logan Farley,2025-04-10,Counting_Cars.csv
27,28,-1,2,SUNNY,Thorson-Lucken Field,Logan Farley,2025-04-10,Counting_Cars.csv
28,28,0,4,SUNNY,Thorson-Lucken Field,Logan Farley,2025-04-10,Counting_Cars.csv
27,30,-3,3,SUNNY,Thorson-Lucken Field,Logan Farley,2025-04-10,Counting_Cars.csv
33,33,0,3,SUNNY,Thorson-Lucken Field,Logan Farley,2025-04-10,Counting_Cars.csv
33,33,0,2,SUNNY,Thorson-Lucken Field,Logan Farley,2025-04-10,Counting_Cars.csv
29,31,-2,4,SUNNY,Thorson-Lucken Field,Logan Farley,2025-04-10,Counting_Cars.csv
28,27,1,6,SUNNY,Thorson-Lucken Field,Logan Farley,2025-04-10,Counting_Cars.csv
25,26,-1,3,SUNNY,Thorson-Lucken Field,Logan Farley,2025-04-10,Counting_Cars.csv
26,26,0,4,SUNNY,Thorson-Lucken Field,Logan Farley,2025-04-10,Counting_Cars.csv
33,35,-2,4,SUNNY,Thorson-Lucken Field,Logan Farley,2025-04-10,Counting_Cars.csv
29,28,1,4,SUNNY,Thorson-Lucken Field,Logan Farley,2025-04-10,Counting_Cars.csv
26,27,-1,4,SUNNY,Thorson-Lucken Field,Logan Farley,2025-04-10,Counting_Cars.csv
22,29,-7,3,SUNNY,Thorson-Lucken Field,Logan Farley,2025-04-10,Counting_Cars.csv
31,32,-1,4,SUNNY,Thorson-Lucken Field,Logan Farley,2025-04-10,Counting_Cars.csv
30,31,-1,4,SUNNY,Thorson-Lucken Field,Logan Farley,2025-04-10,Counting_Cars.csv
31,32,-1,4,SUNNY,Thorson-Lucken Field,Logan Farley,2025-04-10,Counting_Cars.csv
31,32,-1,10,SUNNY,Thorson-Lucken Field,Logan Farley,2025-04-10,Counting_Cars.csv
34,34,0,2,SUNNY,Thorson-Lucken Field,Logan Farley,2025-04-10,Counting_Cars.csv
15,21,-6,4,SUNNY,Thorson-Lucken Field,Logan Farley,2025-04-10,Counting_Cars.csv
30,29,1,10,SUNNY,Thorson-Lucken Field,Logan Farley,2025-04-10,Counting_Cars.csv
35,35,0,3,SUNNY,Thorson-Lucken Field,Logan Farley,2025-04-10,Counting_Cars.csv
30,30,0,4,SUNNY,Thorson-Lucken Field,Logan Farley,2025-04-10,Counting_Cars.csv
35,35,0,3,SUNNY,Thorson-Lucken Field,Logan Farley,2025-04-10,Counting_Cars.csv
26,28,-2,3,SUNNY,Thorson-Lucken Field,Logan Farley,2025-04-10,Counting_Cars.csv
30,31,-1,3,SUNNY,Thorson-Lucken Field,Logan Farley,2025-04-10,Counting_Cars.csv
27,25,2,3,SUNNY,Thorson-Lucken Field,Logan Farley,2025-04-10,Counting_Cars.csv
